estimulo,respuestas,count,rank,porcentaje
Argentina - Buenos_Aires - Brasil,Brasilia,87,1,90.625
Argentina - Buenos_Aires - Brasil,Río_de_Janeiro,6,2,6.25
Argentina - Buenos_Aires - Brasil,San_Pablo,2,3,2.083333333333333
Argentina - Buenos_Aires - Brasil,Brasil,1,4,1.0416666666666665
Brasil - samba - Cuba,salsa,57,1,60.0
Brasil - samba - Cuba,rumba,11,2,11.578947368421053
Brasil - samba - Cuba,son,10,3,10.526315789473683
Brasil - samba - Cuba,bachata,4,4,4.2105263157894735
Brasil - samba - Cuba,cumbia,3,5,3.1578947368421053
Brasil - samba - Cuba,arroz,1,6,1.0526315789473684
Brasil - samba - Cuba,baile_típico_de_cuba,1,6,1.0526315789473684
Brasil - samba - Cuba,chachachá,1,6,1.0526315789473684
Brasil - samba - Cuba,conga,1,6,1.0526315789473684
Brasil - samba - Cuba,danzón,1,6,1.0526315789473684
Brasil - samba - Cuba,flamenco,1,6,1.0526315789473684
Brasil - samba - Cuba,merengue,1,6,1.0526315789473684
Brasil - samba - Cuba,plena,1,6,1.0526315789473684
Brasil - samba - Cuba,trova,1,6,1.0526315789473684
Brasil - samba - Cuba,zumba,1,6,1.0526315789473684
China - Asia - Rusia,Eurasia,38,1,37.254901960784316
China - Asia - Rusia,Europa,35,2,34.31372549019608
China - Asia - Rusia,Asia,25,3,24.509803921568626
China - Asia - Rusia,Europa_del_Este,1,4,0.9803921568627451
China - Asia - Rusia,Moscú,1,4,0.9803921568627451
China - Asia - Rusia,Siberia,1,4,0.9803921568627451
China - Asia - Rusia,vodka,1,4,0.9803921568627451
Francia - París - Estados_Unidos,Washington,92,1,90.19607843137256
Francia - París - Estados_Unidos,Nueva_York,7,2,6.862745098039216
Francia - París - Estados_Unidos,DC,1,3,0.9803921568627451
Francia - París - Estados_Unidos,Francia,1,3,0.9803921568627451
Francia - París - Estados_Unidos,los_angeles,1,3,0.9803921568627451
París - Francia - Roma,Italia,77,1,93.90243902439023
París - Francia - Roma,Coliseo,1,2,1.2195121951219512
París - Francia - Roma,España,1,2,1.2195121951219512
París - Francia - Roma,Grecia,1,2,1.2195121951219512
París - Francia - Roma,Torre_de_Pisa,1,2,1.2195121951219512
París - Francia - Roma,pizza,1,2,1.2195121951219512
Uruguay - fútbol - Estados_Unidos,béisbol,40,1,48.19277108433735
Uruguay - fútbol - Estados_Unidos,fútbol_americano,14,2,16.867469879518072
Uruguay - fútbol - Estados_Unidos,básquetbol,12,3,14.457831325301203
Uruguay - fútbol - Estados_Unidos,rugby,4,4,4.819277108433735
Uruguay - fútbol - Estados_Unidos,soccer,4,4,4.819277108433735
Uruguay - fútbol - Estados_Unidos,basket,2,5,2.4096385542168677
Uruguay - fútbol - Estados_Unidos,fútbol,2,5,2.4096385542168677
Uruguay - fútbol - Estados_Unidos,comida_chatarra,1,6,1.2048192771084338
Uruguay - fútbol - Estados_Unidos,guerra,1,6,1.2048192771084338
Uruguay - fútbol - Estados_Unidos,hockey,1,6,1.2048192771084338
Uruguay - fútbol - Estados_Unidos,nfl,1,6,1.2048192771084338
Uruguay - fútbol - Estados_Unidos,obesidad,1,6,1.2048192771084338
abogado - corte - doctor,hospital,58,1,65.1685393258427
abogado - corte - doctor,consultorio,16,2,17.97752808988764
abogado - corte - doctor,clínica,4,3,4.49438202247191
abogado - corte - doctor,block,2,4,2.247191011235955
abogado - corte - doctor,ateneo,1,5,1.1235955056179776
abogado - corte - doctor,cirugía,1,5,1.1235955056179776
abogado - corte - doctor,confección,1,5,1.1235955056179776
abogado - corte - doctor,estetoscopio,1,5,1.1235955056179776
abogado - corte - doctor,lectura,1,5,1.1235955056179776
abogado - corte - doctor,norma,1,5,1.1235955056179776
abogado - corte - doctor,paciente,1,5,1.1235955056179776
abogado - corte - doctor,sanatorio,1,5,1.1235955056179776
abogado - corte - doctor,ética,1,5,1.1235955056179776
amigos - felicidad - jefe,trabajo,15,1,15.957446808510639
amigos - felicidad - jefe,autoridad,7,2,7.446808510638298
amigos - felicidad - jefe,responsabilidad,6,3,6.382978723404255
amigos - felicidad - jefe,respeto,5,4,5.319148936170213
amigos - felicidad - jefe,tristeza,5,4,5.319148936170213
amigos - felicidad - jefe,infelicidad,4,5,4.25531914893617
amigos - felicidad - jefe,obediencia,4,5,4.25531914893617
amigos - felicidad - jefe,enojo,3,6,3.1914893617021276
amigos - felicidad - jefe,obligación,3,6,3.1914893617021276
amigos - felicidad - jefe,seriedad,3,6,3.1914893617021276
amigos - felicidad - jefe,angustia,2,7,2.127659574468085
amigos - felicidad - jefe,estrés,2,7,2.127659574468085
amigos - felicidad - jefe,órdenes,2,7,2.127659574468085
amigos - felicidad - jefe,aburrimiento,1,8,1.0638297872340425
amigos - felicidad - jefe,aguantar,1,8,1.0638297872340425
amigos - felicidad - jefe,confianza,1,8,1.0638297872340425
amigos - felicidad - jefe,control,1,8,1.0638297872340425
amigos - felicidad - jefe,depresión,1,8,1.0638297872340425
amigos - felicidad - jefe,disciplina,1,8,1.0638297872340425
amigos - felicidad - jefe,distancia,1,8,1.0638297872340425
amigos - felicidad - jefe,eficiencia,1,8,1.0638297872340425
amigos - felicidad - jefe,empleados,1,8,1.0638297872340425
amigos - felicidad - jefe,exigencia,1,8,1.0638297872340425
amigos - felicidad - jefe,formalidad,1,8,1.0638297872340425
amigos - felicidad - jefe,frustración,1,8,1.0638297872340425
amigos - felicidad - jefe,incertidumbre,1,8,1.0638297872340425
amigos - felicidad - jefe,indiferencia,1,8,1.0638297872340425
amigos - felicidad - jefe,inequidad,1,8,1.0638297872340425
amigos - felicidad - jefe,ira,1,8,1.0638297872340425
amigos - felicidad - jefe,liderazgo,1,8,1.0638297872340425
amigos - felicidad - jefe,maldad,1,8,1.0638297872340425
amigos - felicidad - jefe,mando,1,8,1.0638297872340425
amigos - felicidad - jefe,miedo,1,8,1.0638297872340425
amigos - felicidad - jefe,molestia,1,8,1.0638297872340425
amigos - felicidad - jefe,muerte,1,8,1.0638297872340425
amigos - felicidad - jefe,orden,1,8,1.0638297872340425
amigos - felicidad - jefe,organización,1,8,1.0638297872340425
amigos - felicidad - jefe,plata,1,8,1.0638297872340425
amigos - felicidad - jefe,productividad,1,8,1.0638297872340425
amigos - felicidad - jefe,prosperidad,1,8,1.0638297872340425
amigos - felicidad - jefe,severidad,1,8,1.0638297872340425
amigos - felicidad - jefe,superior,1,8,1.0638297872340425
amigos - felicidad - jefe,temor,1,8,1.0638297872340425
amigos - felicidad - jefe,tensión,1,8,1.0638297872340425
amigos - felicidad - jefe,verticalidad,1,8,1.0638297872340425
amigos - felicidad - jefe,éxito,1,8,1.0638297872340425
ave - ala - delfín,aleta,79,1,85.86956521739131
ave - ala - delfín,aletas,7,2,7.608695652173914
ave - ala - delfín,cola,3,3,3.260869565217391
ave - ala - delfín,espiráculo,1,4,1.0869565217391304
ave - ala - delfín,hocico,1,4,1.0869565217391304
ave - ala - delfín,pico,1,4,1.0869565217391304
ave - paloma - insecto,mosca,25,1,28.40909090909091
ave - paloma - insecto,hormiga,20,2,22.727272727272727
ave - paloma - insecto,mosquito,18,3,20.454545454545457
ave - paloma - insecto,cucaracha,9,4,10.227272727272728
ave - paloma - insecto,grillo,6,5,6.8181818181818175
ave - paloma - insecto,abeja,2,6,2.272727272727273
ave - paloma - insecto,escarabajo,2,6,2.272727272727273
ave - paloma - insecto,mariposa,2,6,2.272727272727273
ave - paloma - insecto,araña,1,7,1.1363636363636365
ave - paloma - insecto,gusano,1,7,1.1363636363636365
ave - paloma - insecto,libélula,1,7,1.1363636363636365
ave - paloma - insecto,polilla,1,7,1.1363636363636365
ave - pingüino - mamífero,ballena,20,1,19.801980198019802
ave - pingüino - mamífero,vaca,17,2,16.831683168316832
ave - pingüino - mamífero,perro,12,3,11.881188118811881
ave - pingüino - mamífero,delfín,9,4,8.91089108910891
ave - pingüino - mamífero,león,6,5,5.9405940594059405
ave - pingüino - mamífero,gato,5,6,4.9504950495049505
ave - pingüino - mamífero,caballo,4,7,3.9603960396039604
ave - pingüino - mamífero,elefante,4,7,3.9603960396039604
ave - pingüino - mamífero,ornitorrinco,4,7,3.9603960396039604
ave - pingüino - mamífero,oso,4,7,3.9603960396039604
ave - pingüino - mamífero,humano,3,8,2.9702970297029703
ave - pingüino - mamífero,foca,2,9,1.9801980198019802
ave - pingüino - mamífero,oso_polar,2,9,1.9801980198019802
ave - pingüino - mamífero,ardilla,1,10,0.9900990099009901
ave - pingüino - mamífero,cabra,1,10,0.9900990099009901
ave - pingüino - mamífero,canguro,1,10,0.9900990099009901
ave - pingüino - mamífero,chancho,1,10,0.9900990099009901
ave - pingüino - mamífero,halcón,1,10,0.9900990099009901
ave - pingüino - mamífero,hombre,1,10,0.9900990099009901
ave - pingüino - mamífero,mamut,1,10,0.9900990099009901
ave - pingüino - mamífero,orca,1,10,0.9900990099009901
ave - pingüino - mamífero,ratón,1,10,0.9900990099009901
avión - piloto - tren,maquinista,34,1,40.476190476190474
avión - piloto - tren,conductor,31,2,36.904761904761905
avión - piloto - tren,chofer,10,3,11.904761904761903
avión - piloto - tren,locomotorista,2,4,2.380952380952381
avión - piloto - tren,vía,2,4,2.380952380952381
avión - piloto - tren,ferroviario,1,5,1.1904761904761905
avión - piloto - tren,motorista,1,5,1.1904761904761905
avión - piloto - tren,motorman,1,5,1.1904761904761905
avión - piloto - tren,piloto,1,5,1.1904761904761905
avión - piloto - tren,riel,1,5,1.1904761904761905
bailarín - bailar - albañil,construir,69,1,68.31683168316832
bailarín - bailar - albañil,revocar,6,2,5.9405940594059405
bailarín - bailar - albañil,construcción,5,3,4.9504950495049505
bailarín - bailar - albañil,trabajar,4,4,3.9603960396039604
bailarín - bailar - albañil,albañilear,3,5,2.9702970297029703
bailarín - bailar - albañil,arreglar,2,6,1.9801980198019802
bailarín - bailar - albañil,edificar,2,6,1.9801980198019802
bailarín - bailar - albañil,obrero,2,6,1.9801980198019802
bailarín - bailar - albañil,albañil,1,7,0.9900990099009901
bailarín - bailar - albañil,albañilería,1,7,0.9900990099009901
bailarín - bailar - albañil,blandir,1,7,0.9900990099009901
bailarín - bailar - albañil,cemento,1,7,0.9900990099009901
bailarín - bailar - albañil,chupar_vino,1,7,0.9900990099009901
bailarín - bailar - albañil,obra,1,7,0.9900990099009901
bailarín - bailar - albañil,pala,1,7,0.9900990099009901
bailarín - bailar - albañil,revestir,1,7,0.9900990099009901
bebida - leche - comida,pan,40,1,38.095238095238095
bebida - leche - comida,carne,15,2,14.285714285714285
bebida - leche - comida,queso,10,3,9.523809523809524
bebida - leche - comida,arroz,3,4,2.857142857142857
bebida - leche - comida,fideos,3,4,2.857142857142857
bebida - leche - comida,galletas,3,4,2.857142857142857
bebida - leche - comida,milanesa,3,4,2.857142857142857
bebida - leche - comida,pizza,3,4,2.857142857142857
bebida - leche - comida,hamburguesa,2,5,1.9047619047619049
bebida - leche - comida,papa,2,5,1.9047619047619049
bebida - leche - comida,pasta,2,5,1.9047619047619049
bebida - leche - comida,sopa,2,5,1.9047619047619049
bebida - leche - comida,aceitunas,1,6,0.9523809523809524
bebida - leche - comida,acompaña,1,6,0.9523809523809524
bebida - leche - comida,agua,1,6,0.9523809523809524
bebida - leche - comida,alfajor,1,6,0.9523809523809524
bebida - leche - comida,alimento,1,6,0.9523809523809524
bebida - leche - comida,café,1,6,0.9523809523809524
bebida - leche - comida,estofado,1,6,0.9523809523809524
bebida - leche - comida,fruta,1,6,0.9523809523809524
bebida - leche - comida,gelatina,1,6,0.9523809523809524
bebida - leche - comida,kale,1,6,0.9523809523809524
bebida - leche - comida,manteca,1,6,0.9523809523809524
bebida - leche - comida,pollo,1,6,0.9523809523809524
bebida - leche - comida,ración,1,6,0.9523809523809524
bebida - leche - comida,sandwich,1,6,0.9523809523809524
bebida - leche - comida,sanguche,1,6,0.9523809523809524
bebida - leche - comida,taco,1,6,0.9523809523809524
bebida - leche - comida,tallarines,1,6,0.9523809523809524
bebé - cigüeña - regalo,Papá_Noel,32,1,35.95505617977528
bebé - cigüeña - regalo,moño,6,2,6.741573033707865
bebé - cigüeña - regalo,Reyes_Magos,5,3,5.617977528089887
bebé - cigüeña - regalo,cumpleaños,4,4,4.49438202247191
bebé - cigüeña - regalo,invitado,4,4,4.49438202247191
bebé - cigüeña - regalo,persona,4,4,4.49438202247191
bebé - cigüeña - regalo,amigo,3,5,3.3707865168539324
bebé - cigüeña - regalo,envoltorio,3,5,3.3707865168539324
bebé - cigüeña - regalo,paquete,3,5,3.3707865168539324
bebé - cigüeña - regalo,Navidad,2,6,2.247191011235955
bebé - cigüeña - regalo,bebé,2,6,2.247191011235955
bebé - cigüeña - regalo,padres,2,6,2.247191011235955
bebé - cigüeña - regalo,papel,2,6,2.247191011235955
bebé - cigüeña - regalo,Noel,1,7,1.1235955056179776
bebé - cigüeña - regalo,arbolito,1,7,1.1235955056179776
bebé - cigüeña - regalo,avión,1,7,1.1235955056179776
bebé - cigüeña - regalo,bolsa,1,7,1.1235955056179776
bebé - cigüeña - regalo,bombón,1,7,1.1235955056179776
bebé - cigüeña - regalo,caja,1,7,1.1235955056179776
bebé - cigüeña - regalo,cumpleañero,1,7,1.1235955056179776
bebé - cigüeña - regalo,dac,1,7,1.1235955056179776
bebé - cigüeña - regalo,envío,1,7,1.1235955056179776
bebé - cigüeña - regalo,pavadita,1,7,1.1235955056179776
bebé - cigüeña - regalo,perro,1,7,1.1235955056179776
bebé - cigüeña - regalo,presente,1,7,1.1235955056179776
bebé - cigüeña - regalo,reno,1,7,1.1235955056179776
bebé - cigüeña - regalo,shopping,1,7,1.1235955056179776
bebé - cigüeña - regalo,simpatía,1,7,1.1235955056179776
bebé - cigüeña - regalo,trae,1,7,1.1235955056179776
bebé - cigüeña - regalo,vendedor,1,7,1.1235955056179776
blanco - negro - rojo,azul,52,1,53.608247422680414
blanco - negro - rojo,verde,36,2,37.11340206185567
blanco - negro - rojo,amarillo,3,3,3.0927835051546393
blanco - negro - rojo,blanco,2,4,2.0618556701030926
blanco - negro - rojo,cian,2,4,2.0618556701030926
blanco - negro - rojo,rosado,1,5,1.0309278350515463
blanco - negro - rojo,sangre,1,5,1.0309278350515463
caballero - espada - vaquero,pistola,32,1,32.6530612244898
caballero - espada - vaquero,revólver,28,2,28.57142857142857
caballero - espada - vaquero,lazo,9,3,9.183673469387756
caballero - espada - vaquero,rifle,5,4,5.1020408163265305
caballero - espada - vaquero,caballo,4,5,4.081632653061225
caballero - espada - vaquero,sombrero,3,6,3.061224489795918
caballero - espada - vaquero,arma,2,7,2.0408163265306123
caballero - espada - vaquero,botas,2,7,2.0408163265306123
caballero - espada - vaquero,escopeta,2,7,2.0408163265306123
caballero - espada - vaquero,espuelas,2,7,2.0408163265306123
caballero - espada - vaquero,látigo,2,7,2.0408163265306123
caballero - espada - vaquero,cuerda,1,8,1.0204081632653061
caballero - espada - vaquero,daga,1,8,1.0204081632653061
caballero - espada - vaquero,gorro,1,8,1.0204081632653061
caballero - espada - vaquero,jinete,1,8,1.0204081632653061
caballero - espada - vaquero,montar,1,8,1.0204081632653061
caballero - espada - vaquero,pistolas,1,8,1.0204081632653061
caballero - espada - vaquero,potro,1,8,1.0204081632653061
caballo - jinete - moto,motociclista,44,1,53.01204819277109
caballo - jinete - moto,conductor,13,2,15.66265060240964
caballo - jinete - moto,motoquero,13,2,15.66265060240964
caballo - jinete - moto,piloto,8,3,9.63855421686747
caballo - jinete - moto,delivery,1,4,1.2048192771084338
caballo - jinete - moto,hombre,1,4,1.2048192771084338
caballo - jinete - moto,humano,1,4,1.2048192771084338
caballo - jinete - moto,motonetista,1,4,1.2048192771084338
caballo - jinete - moto,raider,1,4,1.2048192771084338
campera - buzo - buzo,remera,33,1,35.869565217391305
campera - buzo - buzo,campera,22,2,23.91304347826087
campera - buzo - buzo,camiseta,19,3,20.652173913043477
campera - buzo - buzo,camisa,10,4,10.869565217391305
campera - buzo - buzo,abrigo,1,5,1.0869565217391304
campera - buzo - buzo,agua,1,5,1.0869565217391304
campera - buzo - buzo,bufanda,1,5,1.0869565217391304
campera - buzo - buzo,canguro,1,5,1.0869565217391304
campera - buzo - buzo,hilo,1,5,1.0869565217391304
campera - buzo - buzo,hombre,1,5,1.0869565217391304
campera - buzo - buzo,polera,1,5,1.0869565217391304
campera - buzo - buzo,pullover,1,5,1.0869565217391304
cerebro - pensamiento - corazón,sentimiento,48,1,56.470588235294116
cerebro - pensamiento - corazón,latido,10,2,11.76470588235294
cerebro - pensamiento - corazón,sangre,6,3,7.0588235294117645
cerebro - pensamiento - corazón,bombeo,4,4,4.705882352941177
cerebro - pensamiento - corazón,amor,3,5,3.5294117647058822
cerebro - pensamiento - corazón,sentimientos,3,5,3.5294117647058822
cerebro - pensamiento - corazón,emoción,2,6,2.3529411764705883
cerebro - pensamiento - corazón,sentir,2,6,2.3529411764705883
cerebro - pensamiento - corazón,bomba,1,7,1.1764705882352942
cerebro - pensamiento - corazón,bombear,1,7,1.1764705882352942
cerebro - pensamiento - corazón,circulación,1,7,1.1764705882352942
cerebro - pensamiento - corazón,latidos,1,7,1.1764705882352942
cerebro - pensamiento - corazón,latir,1,7,1.1764705882352942
cerebro - pensamiento - corazón,pulso,1,7,1.1764705882352942
cerebro - pensamiento - corazón,vida,1,7,1.1764705882352942
cirujano - bisturí - locutor,micrófono,89,1,95.6989247311828
cirujano - bisturí - locutor,cincel,2,2,2.1505376344086025
cirujano - bisturí - locutor,voz,2,2,2.1505376344086025
ciudad - Montevideo - país,Uruguay,88,1,88.0
ciudad - Montevideo - país,capital,3,2,3.0
ciudad - Montevideo - país,interior,2,3,2.0
ciudad - Montevideo - país,uruguayo,2,3,2.0
ciudad - Montevideo - país,Canadá,1,4,1.0
ciudad - Montevideo - país,Marruecos,1,4,1.0
ciudad - Montevideo - país,Portugal,1,4,1.0
ciudad - Montevideo - país,ciudad,1,4,1.0
ciudad - Montevideo - país,nación,1,4,1.0
cordón - zapato - cinturón,pantalón,77,1,83.69565217391305
cordón - zapato - cinturón,hebilla,11,2,11.956521739130435
cordón - zapato - cinturón,cintura,1,3,1.0869565217391304
cordón - zapato - cinturón,hebillas,1,3,1.0869565217391304
cordón - zapato - cinturón,jean,1,3,1.0869565217391304
cordón - zapato - cinturón,vaquero,1,3,1.0869565217391304
cristianismo - iglesia - judaísmo,sinagoga,73,1,76.04166666666666
cristianismo - iglesia - judaísmo,mezquita,11,2,11.458333333333332
cristianismo - iglesia - judaísmo,templo,8,3,8.333333333333332
cristianismo - iglesia - judaísmo,judío,2,4,2.083333333333333
cristianismo - iglesia - judaísmo,iglesia_judía,1,5,1.0416666666666665
cristianismo - iglesia - judaísmo,muro,1,5,1.0416666666666665
cuadro - pintor - estatua,escultor,93,1,94.89795918367348
cuadro - pintor - estatua,cuadro,1,2,1.0204081632653061
cuadro - pintor - estatua,escultora,1,2,1.0204081632653061
cuadro - pintor - estatua,leña,1,2,1.0204081632653061
cuadro - pintor - estatua,mármol,1,2,1.0204081632653061
cuadro - pintor - estatua,persona,1,2,1.0204081632653061
cubierto - tenedor - herramienta,martillo,56,1,60.215053763440864
cubierto - tenedor - herramienta,destornillador,17,2,18.27956989247312
cubierto - tenedor - herramienta,pinza,6,3,6.451612903225806
cubierto - tenedor - herramienta,taladro,4,4,4.301075268817205
cubierto - tenedor - herramienta,llave,2,5,2.1505376344086025
cubierto - tenedor - herramienta,tenaza,2,5,2.1505376344086025
cubierto - tenedor - herramienta,alicate,1,6,1.0752688172043012
cubierto - tenedor - herramienta,amoladora,1,6,1.0752688172043012
cubierto - tenedor - herramienta,caladora,1,6,1.0752688172043012
cubierto - tenedor - herramienta,francesa,1,6,1.0752688172043012
cubierto - tenedor - herramienta,rastrillo,1,6,1.0752688172043012
cubierto - tenedor - herramienta,sierra,1,6,1.0752688172043012
cuerda - guitarra - tecla,piano,84,1,92.3076923076923
cuerda - guitarra - tecla,teclado,5,2,5.4945054945054945
cuerda - guitarra - tecla,gamer,1,3,1.098901098901099
cuerda - guitarra - tecla,órgano,1,3,1.098901098901099
desayuno - cocina - cena,cocina,39,1,41.05263157894737
desayuno - cocina - cena,comedor,33,2,34.73684210526316
desayuno - cocina - cena,living,8,3,8.421052631578947
desayuno - cocina - cena,delivery,5,4,5.263157894736842
desayuno - cocina - cena,plato,2,5,2.1052631578947367
desayuno - cocina - cena,restaurante,2,5,2.1052631578947367
desayuno - cocina - cena,horno,1,6,1.0526315789473684
desayuno - cocina - cena,mesa,1,6,1.0526315789473684
desayuno - cocina - cena,no_comer,1,6,1.0526315789473684
desayuno - cocina - cena,noche,1,6,1.0526315789473684
desayuno - cocina - cena,parrilla,1,6,1.0526315789473684
desayuno - cocina - cena,tasca,1,6,1.0526315789473684
destornillador - tornillo - martillo,clavo,88,1,98.87640449438202
destornillador - tornillo - martillo,martillar,1,2,1.1235955056179776
escuela - niño - universidad,joven,39,1,43.333333333333336
escuela - niño - universidad,adulto,30,2,33.33333333333333
escuela - niño - universidad,estudiante,9,3,10.0
escuela - niño - universidad,universitario,5,4,5.555555555555555
escuela - niño - universidad,adolescente,4,5,4.444444444444445
escuela - niño - universidad,alumno,1,6,1.1111111111111112
escuela - niño - universidad,bachiller,1,6,1.1111111111111112
escuela - niño - universidad,jóvenes,1,6,1.1111111111111112
esmalte - uñas - lápiz_labial,labios,83,1,84.6938775510204
esmalte - uñas - lápiz_labial,boca,11,2,11.224489795918368
esmalte - uñas - lápiz_labial,labio,3,3,3.061224489795918
esmalte - uñas - lápiz_labial,hoja,1,4,1.0204081632653061
estufa - gas - chimenea,leña,77,1,75.49019607843137
estufa - gas - chimenea,humo,13,2,12.745098039215685
estufa - gas - chimenea,fuego,9,3,8.823529411764707
estufa - gas - chimenea,madera,2,4,1.9607843137254901
estufa - gas - chimenea,estufa,1,5,0.9803921568627451
fruta - manzana - carne,vaca,14,1,16.27906976744186
fruta - manzana - carne,asado,12,2,13.953488372093023
fruta - manzana - carne,churrasco,11,3,12.790697674418606
fruta - manzana - carne,milanesa,6,4,6.976744186046512
fruta - manzana - carne,animal,5,5,5.813953488372093
fruta - manzana - carne,bife,4,6,4.651162790697675
fruta - manzana - carne,pollo,4,6,4.651162790697675
fruta - manzana - carne,costilla,3,7,3.488372093023256
fruta - manzana - carne,cuadril,3,7,3.488372093023256
fruta - manzana - carne,colita_de_cuadril,2,8,2.3255813953488373
fruta - manzana - carne,nalga,2,8,2.3255813953488373
fruta - manzana - carne,bola_de_lomo,1,9,1.1627906976744187
fruta - manzana - carne,bondiola,1,9,1.1627906976744187
fruta - manzana - carne,carré,1,9,1.1627906976744187
fruta - manzana - carne,cerdo,1,9,1.1627906976744187
fruta - manzana - carne,chivito,1,9,1.1627906976744187
fruta - manzana - carne,chuleta,1,9,1.1627906976744187
fruta - manzana - carne,costillitas,1,9,1.1627906976744187
fruta - manzana - carne,filete,1,9,1.1627906976744187
fruta - manzana - carne,hierro,1,9,1.1627906976744187
fruta - manzana - carne,humano,1,9,1.1627906976744187
fruta - manzana - carne,lomito,1,9,1.1627906976744187
fruta - manzana - carne,lomo,1,9,1.1627906976744187
fruta - manzana - carne,peceto,1,9,1.1627906976744187
fruta - manzana - carne,pescado,1,9,1.1627906976744187
fruta - manzana - carne,porcina,1,9,1.1627906976744187
fruta - manzana - carne,proteína,1,9,1.1627906976744187
fruta - manzana - carne,pulpa,1,9,1.1627906976744187
fruta - manzana - carne,res,1,9,1.1627906976744187
fruta - manzana - carne,vacuno,1,9,1.1627906976744187
fruta - manzana - carne,vacío,1,9,1.1627906976744187
fruta - árbol - verdura,planta,43,1,40.95238095238095
fruta - árbol - verdura,tierra,30,2,28.57142857142857
fruta - árbol - verdura,huerta,4,3,3.8095238095238098
fruta - árbol - verdura,hortaliza,3,4,2.857142857142857
fruta - árbol - verdura,lechuga,3,4,2.857142857142857
fruta - árbol - verdura,zanahoria,3,4,2.857142857142857
fruta - árbol - verdura,arbusto,2,5,1.9047619047619049
fruta - árbol - verdura,cultivo,2,5,1.9047619047619049
fruta - árbol - verdura,raíz,2,5,1.9047619047619049
fruta - árbol - verdura,bulbo,1,6,0.9523809523809524
fruta - árbol - verdura,cultivos,1,6,0.9523809523809524
fruta - árbol - verdura,ensalada,1,6,0.9523809523809524
fruta - árbol - verdura,hojas,1,6,0.9523809523809524
fruta - árbol - verdura,huerto,1,6,0.9523809523809524
fruta - árbol - verdura,quinta,1,6,0.9523809523809524
fruta - árbol - verdura,raíces,1,6,0.9523809523809524
fruta - árbol - verdura,sembradío,1,6,0.9523809523809524
fruta - árbol - verdura,suelo,1,6,0.9523809523809524
fruta - árbol - verdura,tallo,1,6,0.9523809523809524
fruta - árbol - verdura,tubérculo,1,6,0.9523809523809524
fruta - árbol - verdura,verdura,1,6,0.9523809523809524
fruta - árbol - verdura,árbol,1,6,0.9523809523809524
frío - caliente - seco,mojado,55,1,56.12244897959183
frío - caliente - seco,húmedo,41,2,41.83673469387755
frío - caliente - seco,frío,2,3,2.0408163265306123
fútbol - estadio - estudio,escuela,17,1,20.0
fútbol - estadio - estudio,universidad,11,2,12.941176470588237
fútbol - estadio - estudio,facultad,10,3,11.76470588235294
fútbol - estadio - estudio,biblioteca,9,4,10.588235294117647
fútbol - estadio - estudio,libro,7,5,8.235294117647058
fútbol - estadio - estudio,liceo,4,6,4.705882352941177
fútbol - estadio - estudio,aula,3,7,3.5294117647058822
fútbol - estadio - estudio,escritorio,3,7,3.5294117647058822
fútbol - estadio - estudio,fútbol,3,7,3.5294117647058822
fútbol - estadio - estudio,salón,3,7,3.5294117647058822
fútbol - estadio - estudio,colegio,2,8,2.3529411764705883
fútbol - estadio - estudio,grabación,2,8,2.3529411764705883
fútbol - estadio - estudio,música,2,8,2.3529411764705883
fútbol - estadio - estudio,clase,1,9,1.1764705882352942
fútbol - estadio - estudio,estudiar,1,9,1.1764705882352942
fútbol - estadio - estudio,instituto,1,9,1.1764705882352942
fútbol - estadio - estudio,libros,1,9,1.1764705882352942
fútbol - estadio - estudio,local_escolar,1,9,1.1764705882352942
fútbol - estadio - estudio,programa,1,9,1.1764705882352942
fútbol - estadio - estudio,rock,1,9,1.1764705882352942
fútbol - estadio - estudio,salón_de_clase,1,9,1.1764705882352942
fútbol - estadio - estudio,tv,1,9,1.1764705882352942
gallina - ave - vaca,mamífero,66,1,72.52747252747253
gallina - ave - vaca,bovino,8,2,8.791208791208792
gallina - ave - vaca,rumiante,7,3,7.6923076923076925
gallina - ave - vaca,ganado,5,4,5.4945054945054945
gallina - ave - vaca,vacuno,4,5,4.395604395604396
gallina - ave - vaca,ternero,1,6,1.098901098901099
garage - auto - puerto,barco,93,1,93.93939393939394
garage - auto - puerto,avión,1,2,1.0101010101010102
garage - auto - puerto,buque,1,2,1.0101010101010102
garage - auto - puerto,embarcación,1,2,1.0101010101010102
garage - auto - puerto,hangar,1,2,1.0101010101010102
garage - auto - puerto,marina,1,2,1.0101010101010102
garage - auto - puerto,yate,1,2,1.0101010101010102
gato - felino - perro,canino,64,1,65.97938144329896
gato - felino - perro,can,13,2,13.402061855670103
gato - felino - perro,cánido,9,3,9.278350515463918
gato - felino - perro,perruno,6,4,6.185567010309279
gato - felino - perro,lobo,2,5,2.0618556701030926
gato - felino - perro,animal,1,6,1.0309278350515463
gato - felino - perro,camino,1,6,1.0309278350515463
gato - felino - perro,mamífero,1,6,1.0309278350515463
hamburguesa - Estados_Unidos - tallarines,Italia,89,1,91.75257731958763
hamburguesa - Estados_Unidos - tallarines,China,8,2,8.24742268041237
juicio - juzgado - recital,estadio,20,1,21.052631578947366
juicio - juzgado - recital,escenario,19,2,20.0
juicio - juzgado - recital,teatro,19,2,20.0
juicio - juzgado - recital,músico,5,3,5.263157894736842
juicio - juzgado - recital,recitado,5,3,5.263157894736842
juicio - juzgado - recital,auditorio,4,4,4.2105263157894735
juicio - juzgado - recital,banda,4,4,4.2105263157894735
juicio - juzgado - recital,concierto,3,5,3.1578947368421053
juicio - juzgado - recital,arena,2,6,2.1052631578947367
juicio - juzgado - recital,cantante,2,6,2.1052631578947367
juicio - juzgado - recital,sala,2,6,2.1052631578947367
juicio - juzgado - recital,artista,1,7,1.0526315789473684
juicio - juzgado - recital,audiencia,1,7,1.0526315789473684
juicio - juzgado - recital,cantantes,1,7,1.0526315789473684
juicio - juzgado - recital,espectáculo,1,7,1.0526315789473684
juicio - juzgado - recital,estrado,1,7,1.0526315789473684
juicio - juzgado - recital,festival,1,7,1.0526315789473684
juicio - juzgado - recital,fiesta,1,7,1.0526315789473684
juicio - juzgado - recital,pogo,1,7,1.0526315789473684
juicio - juzgado - recital,público,1,7,1.0526315789473684
juicio - juzgado - recital,toque,1,7,1.0526315789473684
lento - tortuga - rápido,liebre,60,1,58.252427184466015
lento - tortuga - rápido,conejo,8,2,7.766990291262135
lento - tortuga - rápido,chita,7,3,6.796116504854369
lento - tortuga - rápido,guepardo,5,4,4.854368932038835
lento - tortuga - rápido,leopardo,5,4,4.854368932038835
lento - tortuga - rápido,gacela,3,5,2.912621359223301
lento - tortuga - rápido,jaguar,3,5,2.912621359223301
lento - tortuga - rápido,tigre,2,6,1.9417475728155338
lento - tortuga - rápido,avión,1,7,0.9708737864077669
lento - tortuga - rápido,león,1,7,0.9708737864077669
lento - tortuga - rápido,libre,1,7,0.9708737864077669
lento - tortuga - rápido,lince,1,7,0.9708737864077669
lento - tortuga - rápido,nutria,1,7,0.9708737864077669
lento - tortuga - rápido,pantera,1,7,0.9708737864077669
lento - tortuga - rápido,perro,1,7,0.9708737864077669
lento - tortuga - rápido,puma,1,7,0.9708737864077669
lento - tortuga - rápido,tren,1,7,0.9708737864077669
lento - tortuga - rápido,ñandú,1,7,0.9708737864077669
libro - papel - mesa,madera,75,1,77.31958762886599
libro - papel - mesa,mantel,9,2,9.278350515463918
libro - papel - mesa,pata,3,3,3.0927835051546393
libro - papel - mesa,patas,3,3,3.0927835051546393
libro - papel - mesa,metal,2,4,2.0618556701030926
libro - papel - mesa,silla,2,4,2.0618556701030926
libro - papel - mesa,plato,1,5,1.0309278350515463
libro - papel - mesa,tablas,1,5,1.0309278350515463
libro - papel - mesa,árbol,1,5,1.0309278350515463
lluvia - tristeza - sol,alegría,71,1,65.13761467889908
lluvia - tristeza - sol,felicidad,26,2,23.853211009174313
lluvia - tristeza - sol,calor,2,3,1.834862385321101
lluvia - tristeza - sol,tristeza,2,3,1.834862385321101
lluvia - tristeza - sol,calidez,1,4,0.9174311926605505
lluvia - tristeza - sol,diversión,1,4,0.9174311926605505
lluvia - tristeza - sol,euforia,1,4,0.9174311926605505
lluvia - tristeza - sol,infelicidad,1,4,0.9174311926605505
lluvia - tristeza - sol,júbilo,1,4,0.9174311926605505
lluvia - tristeza - sol,migraña,1,4,0.9174311926605505
lluvia - tristeza - sol,playa,1,4,0.9174311926605505
lluvia - tristeza - sol,sonrisa,1,4,0.9174311926605505
martillo - clavo - sierra,madera,60,1,63.829787234042556
martillo - clavo - sierra,hoja,6,2,6.382978723404255
martillo - clavo - sierra,serrucho,3,3,3.1914893617021276
martillo - clavo - sierra,tronco,3,3,3.1914893617021276
martillo - clavo - sierra,diente,2,4,2.127659574468085
martillo - clavo - sierra,dientes,2,4,2.127659574468085
martillo - clavo - sierra,filo,2,4,2.127659574468085
martillo - clavo - sierra,metal,2,4,2.127659574468085
martillo - clavo - sierra,tabla,2,4,2.127659574468085
martillo - clavo - sierra,cacho,1,5,1.0638297872340425
martillo - clavo - sierra,cadena,1,5,1.0638297872340425
martillo - clavo - sierra,corta,1,5,1.0638297872340425
martillo - clavo - sierra,cortar,1,5,1.0638297872340425
martillo - clavo - sierra,corte,1,5,1.0638297872340425
martillo - clavo - sierra,cuchilla,1,5,1.0638297872340425
martillo - clavo - sierra,gajo,1,5,1.0638297872340425
martillo - clavo - sierra,leña,1,5,1.0638297872340425
martillo - clavo - sierra,madero,1,5,1.0638297872340425
martillo - clavo - sierra,motosierra,1,5,1.0638297872340425
martillo - clavo - sierra,tablón,1,5,1.0638297872340425
martillo - clavo - sierra,tornillo,1,5,1.0638297872340425
memoria - pasado - imaginación,futuro,83,1,78.30188679245283
memoria - pasado - imaginación,creatividad,2,2,1.8867924528301887
memoria - pasado - imaginación,presente,2,2,1.8867924528301887
memoria - pasado - imaginación,sueños,2,2,1.8867924528301887
memoria - pasado - imaginación,abstracción,1,3,0.9433962264150944
memoria - pasado - imaginación,capacidad_generar_ideas,1,3,0.9433962264150944
memoria - pasado - imaginación,fantasía,1,3,0.9433962264150944
memoria - pasado - imaginación,ficción,1,3,0.9433962264150944
memoria - pasado - imaginación,ideas,1,3,0.9433962264150944
memoria - pasado - imaginación,inspiración,1,3,0.9433962264150944
memoria - pasado - imaginación,irrealidad,1,3,0.9433962264150944
memoria - pasado - imaginación,ligero,1,3,0.9433962264150944
memoria - pasado - imaginación,literatura,1,3,0.9433962264150944
memoria - pasado - imaginación,mundo,1,3,0.9433962264150944
memoria - pasado - imaginación,mundo_contrafáctico,1,3,0.9433962264150944
memoria - pasado - imaginación,niñez,1,3,0.9433962264150944
memoria - pasado - imaginación,nuevo,1,3,0.9433962264150944
memoria - pasado - imaginación,representación,1,3,0.9433962264150944
memoria - pasado - imaginación,soñar,1,3,0.9433962264150944
memoria - pasado - imaginación,tiempo,1,3,0.9433962264150944
memoria - pasado - imaginación,volar,1,3,0.9433962264150944
mermelada - fruta - queso,leche,80,1,88.88888888888889
mermelada - fruta - queso,vaca,3,2,3.3333333333333335
mermelada - fruta - queso,bridge,1,3,1.1111111111111112
mermelada - fruta - queso,fermento,1,3,1.1111111111111112
mermelada - fruta - queso,fondue,1,3,1.1111111111111112
mermelada - fruta - queso,lechee,1,3,1.1111111111111112
mermelada - fruta - queso,lácteos,1,3,1.1111111111111112
mermelada - fruta - queso,pan,1,3,1.1111111111111112
mermelada - fruta - queso,requesón,1,3,1.1111111111111112
mujer - niño - gallina,pollito,56,1,56.00000000000001
mujer - niño - gallina,pollo,27,2,27.0
mujer - niño - gallina,huevo,12,3,12.0
mujer - niño - gallina,animal,1,4,1.0
mujer - niño - gallina,gallo,1,4,1.0
mujer - niño - gallina,nacional,1,4,1.0
mujer - niño - gallina,nada,1,4,1.0
mujer - niño - gallina,polluelo,1,4,1.0
oveja - cordero - vaca,ternero,78,1,80.41237113402062
oveja - cordero - vaca,toro,8,2,8.24742268041237
oveja - cordero - vaca,ternera,3,3,3.0927835051546393
oveja - cordero - vaca,novillo,2,4,2.0618556701030926
oveja - cordero - vaca,vaquillona,2,4,2.0618556701030926
oveja - cordero - vaca,becerro,1,5,1.0309278350515463
oveja - cordero - vaca,cordero,1,5,1.0309278350515463
oveja - cordero - vaca,cría,1,5,1.0309278350515463
oveja - cordero - vaca,cuero,1,5,1.0309278350515463
paraguas - lluvia - gorro,frío,47,1,42.34234234234234
paraguas - lluvia - gorro,sol,47,1,42.34234234234234
paraguas - lluvia - gorro,viento,6,2,5.405405405405405
paraguas - lluvia - gorro,cabeza,5,3,4.504504504504505
paraguas - lluvia - gorro,intemperie,1,4,0.9009009009009009
paraguas - lluvia - gorro,nieve,1,4,0.9009009009009009
paraguas - lluvia - gorro,pelo,1,4,0.9009009009009009
paraguas - lluvia - gorro,protección,1,4,0.9009009009009009
paraguas - lluvia - gorro,rocío,1,4,0.9009009009009009
paraguas - lluvia - gorro,solo,1,4,0.9009009009009009
paz - paloma - guerra,arma,17,1,20.0
paz - paloma - guerra,águila,14,2,16.470588235294116
paz - paloma - guerra,bomba,11,3,12.941176470588237
paz - paloma - guerra,armas,6,4,7.0588235294117645
paz - paloma - guerra,tanque,5,5,5.88235294117647
paz - paloma - guerra,cañón,3,6,3.5294117647058822
paz - paloma - guerra,caballo,2,7,2.3529411764705883
paz - paloma - guerra,espada,2,7,2.3529411764705883
paz - paloma - guerra,esvástica,2,7,2.3529411764705883
paz - paloma - guerra,fusil,2,7,2.3529411764705883
paz - paloma - guerra,león,2,7,2.3529411764705883
paz - paloma - guerra,misil,2,7,2.3529411764705883
paz - paloma - guerra,ares,1,8,1.1764705882352942
paz - paloma - guerra,bala,1,8,1.1764705882352942
paz - paloma - guerra,bombas,1,8,1.1764705882352942
paz - paloma - guerra,buitre,1,8,1.1764705882352942
paz - paloma - guerra,cráneo,1,8,1.1764705882352942
paz - paloma - guerra,cuervo,1,8,1.1764705882352942
paz - paloma - guerra,diablo,1,8,1.1764705882352942
paz - paloma - guerra,ejército,1,8,1.1764705882352942
paz - paloma - guerra,granada,1,8,1.1764705882352942
paz - paloma - guerra,grito,1,8,1.1764705882352942
paz - paloma - guerra,halcón,1,8,1.1764705882352942
paz - paloma - guerra,jabalí,1,8,1.1764705882352942
paz - paloma - guerra,mensaje,1,8,1.1764705882352942
paz - paloma - guerra,muerte,1,8,1.1764705882352942
paz - paloma - guerra,pistola,1,8,1.1764705882352942
paz - paloma - guerra,tanques,1,8,1.1764705882352942
paz - paloma - guerra,toro,1,8,1.1764705882352942
peluquera - tijera - cocinero,cuchillo,34,1,32.69230769230769
peluquera - tijera - cocinero,cuchara,14,2,13.461538461538462
peluquera - tijera - cocinero,olla,14,2,13.461538461538462
peluquera - tijera - cocinero,cucharón,10,3,9.615384615384617
peluquera - tijera - cocinero,cuchilla,10,3,9.615384615384617
peluquera - tijera - cocinero,sartén,9,4,8.653846153846153
peluquera - tijera - cocinero,cocina,3,5,2.8846153846153846
peluquera - tijera - cocinero,delantal,3,5,2.8846153846153846
peluquera - tijera - cocinero,espátula,3,5,2.8846153846153846
peluquera - tijera - cocinero,cubiertos,1,6,0.9615384615384616
peluquera - tijera - cocinero,cuchillas,1,6,0.9615384615384616
peluquera - tijera - cocinero,hormigonera,1,6,0.9615384615384616
peluquera - tijera - cocinero,ollas,1,6,0.9615384615384616
perro - gato - gato,perro,50,1,50.0
perro - gato - gato,ratón,46,2,46.0
perro - gato - gato,pájaro,2,3,2.0
perro - gato - gato,golondrina,1,4,1.0
perro - gato - gato,rata,1,4,1.0
perro - ladrar - ave,piar,37,1,34.90566037735849
perro - ladrar - ave,cantar,28,2,26.41509433962264
perro - ladrar - ave,trinar,15,3,14.150943396226415
perro - ladrar - ave,graznar,10,4,9.433962264150944
perro - ladrar - ave,silbar,5,5,4.716981132075472
perro - ladrar - ave,graznido,3,6,2.8301886792452833
perro - ladrar - ave,volar,3,6,2.8301886792452833
perro - ladrar - ave,canto,1,7,0.9433962264150944
perro - ladrar - ave,cantos,1,7,0.9433962264150944
perro - ladrar - ave,chillar,1,7,0.9433962264150944
perro - ladrar - ave,gorjear,1,7,0.9433962264150944
perro - ladrar - ave,parlar,1,7,0.9433962264150944
perro - perrera - ave,jaula,62,1,58.490566037735846
perro - perrera - ave,pajarera,17,2,16.037735849056602
perro - perrera - ave,corral,7,3,6.60377358490566
perro - perrera - ave,avícola,6,4,5.660377358490567
perro - perrera - ave,aviario,5,5,4.716981132075472
perro - perrera - ave,gallinero,5,5,4.716981132075472
perro - perrera - ave,nido,2,6,1.8867924528301887
perro - perrera - ave,granja,1,7,0.9433962264150944
perro - perrera - ave,libertad,1,7,0.9433962264150944
pez - submarino - ave,avión,86,1,90.52631578947368
pez - submarino - ave,aéreo,3,2,3.1578947368421053
pez - submarino - ave,aire,2,3,2.1052631578947367
pez - submarino - ave,cielo,1,4,1.0526315789473684
pez - submarino - ave,globo,1,4,1.0526315789473684
pez - submarino - ave,helicóptero,1,4,1.0526315789473684
pez - submarino - ave,zeppelin,1,4,1.0526315789473684
picnic - parque - asado,parrillero,32,1,32.323232323232325
picnic - parque - asado,parrilla,22,2,22.22222222222222
picnic - parque - asado,barbacoa,17,3,17.17171717171717
picnic - parque - asado,fondo,7,4,7.07070707070707
picnic - parque - asado,patio,6,5,6.0606060606060606
picnic - parque - asado,casa,3,6,3.0303030303030303
picnic - parque - asado,parrillada,3,6,3.0303030303030303
picnic - parque - asado,campo,1,7,1.0101010101010102
picnic - parque - asado,churrasquera,1,7,1.0101010101010102
picnic - parque - asado,churrasquero,1,7,1.0101010101010102
picnic - parque - asado,cumpleaños,1,7,1.0101010101010102
picnic - parque - asado,domingo,1,7,1.0101010101010102
picnic - parque - asado,festejo,1,7,1.0101010101010102
picnic - parque - asado,fuego,1,7,1.0101010101010102
picnic - parque - asado,parrillera,1,7,1.0101010101010102
picnic - parque - asado,quincho,1,7,1.0101010101010102
pie - zapato - mano,guante,88,1,90.72164948453609
pie - zapato - mano,guantes,5,2,5.154639175257731
pie - zapato - mano,anillo,3,3,3.0927835051546393
pie - zapato - mano,no_va,1,4,1.0309278350515463
pirámide - momia - ataúd,cadáver,36,1,35.294117647058826
pirámide - momia - ataúd,muerto,33,2,32.35294117647059
pirámide - momia - ataúd,vampiro,8,3,7.8431372549019605
pirámide - momia - ataúd,cuerpo,3,4,2.941176470588235
pirámide - momia - ataúd,Drácula,2,5,1.9607843137254901
pirámide - momia - ataúd,difunto,2,5,1.9607843137254901
pirámide - momia - ataúd,esqueleto,2,5,1.9607843137254901
pirámide - momia - ataúd,fiambre,2,5,1.9607843137254901
pirámide - momia - ataúd,humano,2,5,1.9607843137254901
pirámide - momia - ataúd,pirámide,2,5,1.9607843137254901
pirámide - momia - ataúd,abuelo,1,6,0.9803921568627451
pirámide - momia - ataúd,cementerio,1,6,0.9803921568627451
pirámide - momia - ataúd,faraón,1,6,0.9803921568627451
pirámide - momia - ataúd,hombre,1,6,0.9803921568627451
pirámide - momia - ataúd,lata,1,6,0.9803921568627451
pirámide - momia - ataúd,momia,1,6,0.9803921568627451
pirámide - momia - ataúd,mortaja,1,6,0.9803921568627451
pirámide - momia - ataúd,muerte,1,6,0.9803921568627451
pirámide - momia - ataúd,panteón,1,6,0.9803921568627451
pirámide - momia - ataúd,persona,1,6,0.9803921568627451
pistola - bala - arco,flecha,103,1,95.37037037037037
pistola - bala - arco,pelota,5,2,4.62962962962963
plato - mesa - libro,biblioteca,44,1,44.44444444444444
plato - mesa - libro,escritorio,11,2,11.11111111111111
plato - mesa - libro,estantería,7,3,7.07070707070707
plato - mesa - libro,hoja,7,3,7.07070707070707
plato - mesa - libro,estante,6,4,6.0606060606060606
plato - mesa - libro,mesa,4,5,4.040404040404041
plato - mesa - libro,hojas,2,6,2.0202020202020203
plato - mesa - libro,mesa_de_luz,2,6,2.0202020202020203
plato - mesa - libro,sillón,2,6,2.0202020202020203
plato - mesa - libro,atril,1,7,1.0101010101010102
plato - mesa - libro,falda,1,7,1.0101010101010102
plato - mesa - libro,librería,1,7,1.0101010101010102
plato - mesa - libro,mano,1,7,1.0101010101010102
plato - mesa - libro,marcalibro,1,7,1.0101010101010102
plato - mesa - libro,mesita_de_luz,1,7,1.0101010101010102
plato - mesa - libro,nada,1,7,1.0101010101010102
plato - mesa - libro,ojos,1,7,1.0101010101010102
plato - mesa - libro,papel,1,7,1.0101010101010102
plato - mesa - libro,repisa,1,7,1.0101010101010102
plato - mesa - libro,silla,1,7,1.0101010101010102
plato - mesa - libro,sofá,1,7,1.0101010101010102
plato - mesa - libro,tapa,1,7,1.0101010101010102
plato - mesa - libro,tapas,1,7,1.0101010101010102
puerta - pestillo - caja,tapa,29,1,37.17948717948718
puerta - pestillo - caja,manija,9,2,11.538461538461538
puerta - pestillo - caja,cinta,8,3,10.256410256410255
puerta - pestillo - caja,solapa,5,4,6.41025641025641
puerta - pestillo - caja,tirador,3,5,3.8461538461538463
puerta - pestillo - caja,aletas,2,6,2.564102564102564
puerta - pestillo - caja,asa,2,6,2.564102564102564
puerta - pestillo - caja,cartón,2,6,2.564102564102564
puerta - pestillo - caja,cerradura,2,6,2.564102564102564
puerta - pestillo - caja,llave,2,6,2.564102564102564
puerta - pestillo - caja,solapas,2,6,2.564102564102564
puerta - pestillo - caja,abertura,1,7,1.282051282051282
puerta - pestillo - caja,agarradera,1,7,1.282051282051282
puerta - pestillo - caja,agujero,1,7,1.282051282051282
puerta - pestillo - caja,candado,1,7,1.282051282051282
puerta - pestillo - caja,cerraje,1,7,1.282051282051282
puerta - pestillo - caja,cerrojo,1,7,1.282051282051282
puerta - pestillo - caja,contenido,1,7,1.282051282051282
puerta - pestillo - caja,cuchillo,1,7,1.282051282051282
puerta - pestillo - caja,perilla,1,7,1.282051282051282
puerta - pestillo - caja,persiana,1,7,1.282051282051282
puerta - pestillo - caja,traba,1,7,1.282051282051282
puerta - pestillo - caja,trincheta,1,7,1.282051282051282
red - pesca - rifle,caza,77,1,76.23762376237624
red - pesca - rifle,cacería,9,2,8.91089108910891
red - pesca - rifle,arma,2,3,1.9801980198019802
red - pesca - rifle,bala,2,3,1.9801980198019802
red - pesca - rifle,disparo,2,3,1.9801980198019802
red - pesca - rifle,tiro,2,3,1.9801980198019802
red - pesca - rifle,balas,1,4,0.9900990099009901
red - pesca - rifle,casa,1,4,0.9900990099009901
red - pesca - rifle,cazar,1,4,0.9900990099009901
red - pesca - rifle,ciervo,1,4,0.9900990099009901
red - pesca - rifle,jabalí,1,4,0.9900990099009901
red - pesca - rifle,pieza,1,4,0.9900990099009901
red - pesca - rifle,presa,1,4,0.9900990099009901
rock - guitarra - tango,bandoneón,84,1,77.06422018348624
rock - guitarra - tango,acordeón,12,2,11.009174311926607
rock - guitarra - tango,piano,8,3,7.339449541284404
rock - guitarra - tango,guitarra,1,4,0.9174311926605505
rock - guitarra - tango,vestido,1,4,0.9174311926605505
rock - guitarra - tango,violín,1,4,0.9174311926605505
rock - guitarra - tango,voz,1,4,0.9174311926605505
rock - guitarra - tango,zapatos,1,4,0.9174311926605505
rojo - ira - azul,tristeza,28,1,29.166666666666668
rojo - ira - azul,calma,17,2,17.708333333333336
rojo - ira - azul,paz,13,3,13.541666666666666
rojo - ira - azul,tranquilidad,11,4,11.458333333333332
rojo - ira - azul,esperanza,3,5,3.125
rojo - ira - azul,serenidad,3,5,3.125
rojo - ira - azul,ahogo,2,6,2.083333333333333
rojo - ira - azul,amor,2,6,2.083333333333333
rojo - ira - azul,frío,2,6,2.083333333333333
rojo - ira - azul,mar,2,6,2.083333333333333
rojo - ira - azul,sosiego,2,6,2.083333333333333
rojo - ira - azul,apatía,1,7,1.0416666666666665
rojo - ira - azul,asfixia,1,7,1.0416666666666665
rojo - ira - azul,avatar,1,7,1.0416666666666665
rojo - ira - azul,calmo,1,7,1.0416666666666665
rojo - ira - azul,indiferencia,1,7,1.0416666666666665
rojo - ira - azul,infinito,1,7,1.0416666666666665
rojo - ira - azul,ira,1,7,1.0416666666666665
rojo - ira - azul,libertad,1,7,1.0416666666666665
rojo - ira - azul,mansedumbre,1,7,1.0416666666666665
rojo - ira - azul,relax,1,7,1.0416666666666665
rojo - ira - azul,triste,1,7,1.0416666666666665
ropa - pantalones - mueble,mesa,29,1,30.208333333333332
ropa - pantalones - mueble,ropero,15,2,15.625
ropa - pantalones - mueble,silla,15,2,15.625
ropa - pantalones - mueble,sillón,10,3,10.416666666666668
ropa - pantalones - mueble,madera,6,4,6.25
ropa - pantalones - mueble,cama,3,5,3.125
ropa - pantalones - mueble,sillas,2,6,2.083333333333333
ropa - pantalones - mueble,aparador,1,7,1.0416666666666665
ropa - pantalones - mueble,cajones,1,7,1.0416666666666665
ropa - pantalones - mueble,casa,1,7,1.0416666666666665
ropa - pantalones - mueble,cosas,1,7,1.0416666666666665
ropa - pantalones - mueble,escritorio,1,7,1.0416666666666665
ropa - pantalones - mueble,funda,1,7,1.0416666666666665
ropa - pantalones - mueble,mantel,1,7,1.0416666666666665
ropa - pantalones - mueble,mesas,1,7,1.0416666666666665
ropa - pantalones - mueble,pata,1,7,1.0416666666666665
ropa - pantalones - mueble,patas,1,7,1.0416666666666665
ropa - pantalones - mueble,pilas,1,7,1.0416666666666665
ropa - pantalones - mueble,pintura,1,7,1.0416666666666665
ropa - pantalones - mueble,puerta,1,7,1.0416666666666665
ropa - pantalones - mueble,puertas,1,7,1.0416666666666665
ropa - pantalones - mueble,roperos,1,7,1.0416666666666665
ropa - pantalones - mueble,taburete,1,7,1.0416666666666665
selva - león - desierto,camello,63,1,65.625
selva - león - desierto,escorpión,8,2,8.333333333333332
selva - león - desierto,arena,3,3,3.125
selva - león - desierto,ave,2,4,2.083333333333333
selva - león - desierto,elefante,2,4,2.083333333333333
selva - león - desierto,lagarto,2,4,2.083333333333333
selva - león - desierto,serpiente,2,4,2.083333333333333
selva - león - desierto,cactus,1,5,1.0416666666666665
selva - león - desierto,chacal,1,5,1.0416666666666665
selva - león - desierto,delfín,1,5,1.0416666666666665
selva - león - desierto,foca,1,5,1.0416666666666665
selva - león - desierto,gorila,1,5,1.0416666666666665
selva - león - desierto,iguana,1,5,1.0416666666666665
selva - león - desierto,jirafa,1,5,1.0416666666666665
selva - león - desierto,lagartija,1,5,1.0416666666666665
selva - león - desierto,mono,1,5,1.0416666666666665
selva - león - desierto,oasis,1,5,1.0416666666666665
selva - león - desierto,oso_polar,1,5,1.0416666666666665
selva - león - desierto,pez,1,5,1.0416666666666665
selva - león - desierto,reptil,1,5,1.0416666666666665
selva - león - desierto,víbora,1,5,1.0416666666666665
sushi - Japón - pizza,Italia,99,1,98.01980198019803
sushi - Japón - pizza,EEUU,1,2,0.9900990099009901
sushi - Japón - pizza,pepperoni,1,2,0.9900990099009901
sábana - cama - mantel,mesa,99,1,99.0
sábana - cama - mantel,pastito,1,2,1.0
tela - algodón - metal,hierro,31,1,34.065934065934066
tela - algodón - metal,acero,13,2,14.285714285714285
tela - algodón - metal,aluminio,11,3,12.087912087912088
tela - algodón - metal,cobre,5,4,5.4945054945054945
tela - algodón - metal,cuchillo,3,5,3.296703296703297
tela - algodón - metal,oro,3,5,3.296703296703297
tela - algodón - metal,chapa,2,6,2.197802197802198
tela - algodón - metal,fierro,2,6,2.197802197802198
tela - algodón - metal,mineral,2,6,2.197802197802198
tela - algodón - metal,roca,2,6,2.197802197802198
tela - algodón - metal,alambre,1,7,1.098901098901099
tela - algodón - metal,aleación,1,7,1.098901098901099
tela - algodón - metal,anillo,1,7,1.098901098901099
tela - algodón - metal,bronce,1,7,1.098901098901099
tela - algodón - metal,cuchilla,1,7,1.098901098901099
tela - algodón - metal,disco,1,7,1.098901098901099
tela - algodón - metal,elemento,1,7,1.098901098901099
tela - algodón - metal,escalera,1,7,1.098901098901099
tela - algodón - metal,malla,1,7,1.098901098901099
tela - algodón - metal,metal,1,7,1.098901098901099
tela - algodón - metal,minerales,1,7,1.098901098901099
tela - algodón - metal,piedra,1,7,1.098901098901099
tela - algodón - metal,química,1,7,1.098901098901099
tela - algodón - metal,tornillo,1,7,1.098901098901099
tela - algodón - metal,una,1,7,1.098901098901099
tela - algodón - metal,viruta,1,7,1.098901098901099
tela - algodón - metal,átomos,1,7,1.098901098901099
tereré - Paraguay - vino,Francia,28,1,28.28282828282828
tereré - Paraguay - vino,Chile,25,2,25.252525252525253
tereré - Paraguay - vino,Argentina,17,3,17.17171717171717
tereré - Paraguay - vino,Uruguay,13,4,13.131313131313133
tereré - Paraguay - vino,Italia,9,5,9.090909090909092
tereré - Paraguay - vino,España,4,6,4.040404040404041
tereré - Paraguay - vino,Galicia,1,7,1.0101010101010102
tereré - Paraguay - vino,Mendoza,1,7,1.0101010101010102
tereré - Paraguay - vino,queso,1,7,1.0101010101010102
tiburón - pez - pez,tiburón,19,1,20.0
tiburón - pez - pez,plancton,13,2,13.684210526315791
tiburón - pez - pez,animal,8,3,8.421052631578947
tiburón - pez - pez,alga,7,4,7.368421052631578
tiburón - pez - pez,algas,5,5,5.263157894736842
tiburón - pez - pez,mojarrita,5,5,5.263157894736842
tiburón - pez - pez,lombriz,4,6,4.2105263157894735
tiburón - pez - pez,mojarra,4,6,4.2105263157894735
tiburón - pez - pez,vertebrado,4,6,4.2105263157894735
tiburón - pez - pez,krill,3,7,3.1578947368421053
tiburón - pez - pez,ballena,2,8,2.1052631578947367
tiburón - pez - pez,corvina,2,8,2.1052631578947367
tiburón - pez - pez,pez,2,8,2.1052631578947367
tiburón - pez - pez,zooplancton,2,8,2.1052631578947367
tiburón - pez - pez,acuático,1,9,1.0526315789473684
tiburón - pez - pez,anfibio,1,9,1.0526315789473684
tiburón - pez - pez,anzuelo,1,9,1.0526315789473684
tiburón - pez - pez,caballito_de_mar,1,9,1.0526315789473684
tiburón - pez - pez,cangrejo,1,9,1.0526315789473684
tiburón - pez - pez,cola,1,9,1.0526315789473684
tiburón - pez - pez,dorado,1,9,1.0526315789473684
tiburón - pez - pez,fauna_marina,1,9,1.0526315789473684
tiburón - pez - pez,larvas,1,9,1.0526315789473684
tiburón - pez - pez,mar,1,9,1.0526315789473684
tiburón - pez - pez,minicrustáceos,1,9,1.0526315789473684
tiburón - pez - pez,pececito,1,9,1.0526315789473684
tiburón - pez - pez,sardina,1,9,1.0526315789473684
tiburón - pez - pez,trucha,1,9,1.0526315789473684
tiburón - pez - pez,vertebrata,1,9,1.0526315789473684
tigre - rayas - mulita,caparazón,126,1,67.37967914438502
tigre - rayas - mulita,coraza,7,2,3.7433155080213902
tigre - rayas - mulita,anillos,6,3,3.2085561497326207
tigre - rayas - mulita,armadura,6,3,3.2085561497326207
tigre - rayas - mulita,escamas,5,4,2.6737967914438503
tigre - rayas - mulita,pinchos,4,5,2.13903743315508
tigre - rayas - mulita,casco,3,6,1.6042780748663104
tigre - rayas - mulita,puntos,3,6,1.6042780748663104
tigre - rayas - mulita,armazón,2,7,1.06951871657754
tigre - rayas - mulita,cuadritos,2,7,1.06951871657754
tigre - rayas - mulita,placas,2,7,1.06951871657754
tigre - rayas - mulita,armadillo,1,8,0.53475935828877
tigre - rayas - mulita,carcaza,1,8,0.53475935828877
tigre - rayas - mulita,caza,1,8,0.53475935828877
tigre - rayas - mulita,cola,1,8,0.53475935828877
tigre - rayas - mulita,cola_larga,1,8,0.53475935828877
tigre - rayas - mulita,cositos,1,8,0.53475935828877
tigre - rayas - mulita,cruces,1,8,0.53475935828877
tigre - rayas - mulita,culo_agrandado,1,8,0.53475935828877
tigre - rayas - mulita,dureza,1,8,0.53475935828877
tigre - rayas - mulita,fealdad,1,8,0.53475935828877
tigre - rayas - mulita,garras,1,8,0.53475935828877
tigre - rayas - mulita,lisa,1,8,0.53475935828877
tigre - rayas - mulita,liso,1,8,0.53475935828877
tigre - rayas - mulita,manchas,1,8,0.53475935828877
tigre - rayas - mulita,orejas,1,8,0.53475935828877
tigre - rayas - mulita,plaquetas,1,8,0.53475935828877
tigre - rayas - mulita,puntitos,1,8,0.53475935828877
tigre - rayas - mulita,púa,1,8,0.53475935828877
tigre - rayas - mulita,púas,1,8,0.53475935828877
tigre - rayas - mulita,rayas,1,8,0.53475935828877
tigre - rayas - mulita,rayitas,1,8,0.53475935828877
tornillo - destornillador - tuerca,llave,65,1,65.65656565656566
tornillo - destornillador - tuerca,pinza,15,2,15.151515151515152
tornillo - destornillador - tuerca,tornillo,5,3,5.05050505050505
tornillo - destornillador - tuerca,rosca,3,4,3.0303030303030303
tornillo - destornillador - tuerca,arandela,2,5,2.0202020202020203
tornillo - destornillador - tuerca,destuercador,2,5,2.0202020202020203
tornillo - destornillador - tuerca,allen,1,6,1.0101010101010102
tornillo - destornillador - tuerca,francesa,1,6,1.0101010101010102
tornillo - destornillador - tuerca,mano,1,6,1.0101010101010102
tornillo - destornillador - tuerca,sacatuercas,1,6,1.0101010101010102
tornillo - destornillador - tuerca,taladro,1,6,1.0101010101010102
tornillo - destornillador - tuerca,tenaza,1,6,1.0101010101010102
tornillo - destornillador - tuerca,varilla,1,6,1.0101010101010102
tornillo - ferretería - carne,carnicería,96,1,97.95918367346938
tornillo - ferretería - carne,pulpería,1,2,1.0204081632653061
tornillo - ferretería - carne,rojo,1,2,1.0204081632653061
tren - vías - auto,carretera,36,1,36.0
tren - vías - auto,calle,30,2,30.0
tren - vías - auto,ruta,16,3,16.0
tren - vías - auto,calles,8,4,8.0
tren - vías - auto,autopista,3,5,3.0
tren - vías - auto,calzada,2,6,2.0
tren - vías - auto,rutas,2,6,2.0
tren - vías - auto,avenida,1,7,1.0
tren - vías - auto,carreteras,1,7,1.0
tren - vías - auto,carriles,1,7,1.0
vodka - Rusia - cerveza,Alemania,92,1,85.98130841121495
vodka - Rusia - cerveza,Brasil,4,2,3.7383177570093453
vodka - Rusia - cerveza,Chequia,4,2,3.7383177570093453
vodka - Rusia - cerveza,Bélgica,3,3,2.803738317757009
vodka - Rusia - cerveza,Inglaterra,2,4,1.8691588785046727
vodka - Rusia - cerveza,México,1,5,0.9345794392523363
vodka - Rusia - cerveza,Uruguay,1,5,0.9345794392523363
volante - auto - manubrio,bicicleta,75,1,78.125
volante - auto - manubrio,bici,11,2,11.458333333333332
volante - auto - manubrio,moto,4,3,4.166666666666666
volante - auto - manubrio,auto,1,4,1.0416666666666665
volante - auto - manubrio,barco,1,4,1.0416666666666665
volante - auto - manubrio,carro,1,4,1.0416666666666665
volante - auto - manubrio,monopatín,1,4,1.0416666666666665
volante - auto - manubrio,motocicleta,1,4,1.0416666666666665
volante - auto - manubrio,volante,1,4,1.0416666666666665
árbol - hojas - flor,pétalos,67,1,64.42307692307693
árbol - hojas - flor,pétalo,19,2,18.269230769230766
árbol - hojas - flor,tallo,7,3,6.730769230769231
árbol - hojas - flor,pimpollo,2,4,1.9230769230769231
árbol - hojas - flor,abeja,1,5,0.9615384615384616
árbol - hojas - flor,jardín,1,5,0.9615384615384616
árbol - hojas - flor,margarita,1,5,0.9615384615384616
árbol - hojas - flor,miel,1,5,0.9615384615384616
árbol - hojas - flor,pistilo,1,5,0.9615384615384616
árbol - hojas - flor,planta,1,5,0.9615384615384616
árbol - hojas - flor,plantas,1,5,0.9615384615384616
árbol - hojas - flor,rama,1,5,0.9615384615384616
árbol - hojas - flor,rosa,1,5,0.9615384615384616
